Aart Kraay [akraay@worldbank.org]
Abass Alavi [abass.alavi@uphs.upenn.edu]
Abraham Z. Snyder [avi@npg.wustl.edu]
Adi F. Gazdar [adi.gazdar@utsouthwestern.edu]
Adi Shamir [adi.shamir@weizmann.ac.il]
Adrian M. Owen [adrian.owen@mrc-cbu.cam.ac.uk]
Ajit Varki [varkiadmin@ucsd.edu,a1varki@ucsd.edu]
Ajith Abraham [ajith.abraham@ieee.org,abraham.ajith@acm.org]
Alan C. Evans [alan.evans@mcgill.ca]
Alan Coulson [acoulso@clemson.edu]
Alan D Lopez [alan.lopez@unimelb.edu.au]
Alan J. Heeger [ajhe@physics.ucsb.edu]
Albert-Laszlo Barabasi [a.barabasi@neu.edu]
Alberto Alesina [aalesina@harvard.edu]
Alberto Mantovani [alberto.mantovani@humanitasresearch.it,alberto.mantovani@unimi.it]
Alejandro A. Schäffer [schaffer@helix.nih.gov]
Alejandro Portes [aportes@law.miami.edu,aportes@princeton.edu]
Alessandro Moretta [alemoret@unige.it,a.moretta@realstaffing.com]
Alessandro Vespignani [a.vespignani@neu.amazon.com,a.vespignani@neu.edu]
Alex Bateman [agb@sanger.ac.uk,agb@ebi.ac.uk,abateman@rmfpc.com]
Alex Pentland [sandy@media.mit.edu]
Alex Zunger [alex.zunger@colorado.edu,alex.zunger@gmail.com]
Alexander J. Smola [alex@smola.org]
Alexander S. Szalay [aszalay1@jhu.edu,aszalay@jhu.edu]
Alexei V. Filippenko [alex@astro.berkeley.edu]
Alfonso Valencia [valencia@cnb.uam.es,valencia@cnio.es]
Alfred V. Aho [aho@cs.columbia.edu]
Alvaro Pascual-Leone []
Amartya Sen [asen@fas.harvard.edu]
Amin Vahdat [vahdat@eng.ucsd.edu]
Amir Pnueli [amir@wisdom.weizmann.ac.il]
Amit P. Sheth [amit.sheth@wright.edu]
Amos Bairoch [Amos.Bairoch@isb-sib.ch,bairoch@cmu.unige.ch]
Amos Tversky []
Anders Björklund [Anders.Bjorklund@med.lu.se,anders.bjorklund@sofi.su.se]
Anders Krogh [krogh@binf.ku.dk,akrogh@bio.ku.dk]
Anders M. Dale [amdale@ucsd.edu]
Andrei Shleifer [ashleifer@harvard.edu]
Andrej Shevchenko [anna.shevchenko@mpi-cbg.de]
Andrew G. Clark [andrew.clark@curie.fr,agclark@fas.harvard.edu]
Andrew G. Rinzler [rinzler@phys.ufl.edu]
Andrew K. Rose [andrewkrose@berkeley.edu,arose@haas.berkeley.edu]
Andrew Mccallum [mccallum@cs.umass.edu]
Andrew Pickles [andrew.pickles@cumbyisd.net,andrew.pickles@kcl.ac.uk]
Andrew S. Tanenbaum [ast@cs.vu.nl]
Andrew Y. Ng [ang@cs.stanford.edu]
Andrew Zisserman [az@robots.ox.ac.uk]
Andrzej Skowron [skowron@mimuw.edu.pl,a.skowron@mimuw.edu.pl]
André Rosenthal [andre.rosenthal@signature-diagnostics.de]
Andy Field [andyf@sussex.ac.uk]
Angus Deaton [deaton@princeton.edu]
Anil K. Jain [jain@cse.msu.edu,anil.k.jain@frb.gov]
Anna Dominiczak []
Anna Glodek []
Anoop Gupta [anoop@microsoft.com,anoop@dranoopgupta.com]
Anthony D. Joseph [adjATeecs.berkeley.edu]
Antoine Bechara [bechara@usc.edu]
Antoine Guisan [antoine.guisan@unil.ch]
Anton Zeilinger [anton.zeilinger@univie.ac.at]
Antonio Lanzavecchia [lanzavecchia@irb.usi.ch,lanzavecchia@micro.biol.ethz.ch]
Anup Madan [amadan@u.washington.edu]
Aoife Mclysaght []
Aravind Subramanian [asubramanian@piie.com]
Aravinda Chakravarti [aravinda@jhmi.edu]
Arian F. A. Smit [asmit@nootka.mbt.washington.edu]
Ariel Rabkin []
Arnold J. Levine [alevine@ias.edu]
Arthur W. Toga [toga@loni.usc.edu]
Arul M. Chinnaiyan [arul@umich.edu]
Asao Fujiyama [afujiyam@nii.ac.jp]
Ashok Agarwal [agarwaa@ccf.org]
Ashoke Sen [sen@hri.res.in,sen@mri.ernet.in]
Asif T. Chinwalla [achinwal@wustl.edu]
Athanasios Papoulis []
Atsushi Toyoda []
Auke Tellegen [telle001@umn.edu]
Avi Wigderson [avi@ias.edu]
Avshalom Caspi [avshalom.caspi@duke.edu,avshalom.caspi@kcl.ac.uk,a.caspi@iop.kcl.ac.uk]
Axel T. Brunger [brunger@laplace.csb.yale.edu]
Azriel Rosenfeld []
Barry J. Everitt [bje10@cam.ac.uk]
Barry W. Boehm [boehm@sunset.usc.edu,boehm@usc.edu]
Bart Selman [selman@cs.cornell.edu]
Bart Staels [bart.staels@pasteur-lille.fr]
Baruch Fischhoff [baruch@cmu.edu]
Ben Shneiderman [ben@cs.umd.edu]
Benoit B. Mandelbrot [benoit.mandelbrot@yale.edu]
Bernhard Schölkopf [bernhard.schoelkopf@tuebingen.mpg.de]
Bert Vogelstein [vogelbe@welch.jhu.edu]
Berthier Ribeiro-Neto [berthier@dcc.ufmg.br]
Bill Triggs [Bill.Triggs@imag.fr,bill.triggs@free.fr]
Birger Wernerfelt [bwerner@mit.edu]
Biswanath Mukherjee [bmukherjee@ucdavis.edu]
Bradley E. Bernstein [bernstein.bradley@mgh.harvard.edu]
Bradley Efron [brad@stat.stanford.edu]
Brian P. Schmidt [brianl.schmidt@nyu.edu,brian@mso.anu.edu]
Brian Yanny [yanny@fnal.gov]
Bruce A. J. Ponder [bruce.ponder@cruk.cam.ac.uk,bruce.ponder@srl.cam.ac.uk]
Bruce A. Roe []
Bruce Birren [bwb@genome.wi.mit.edu]
Bruce Fischl [fischl@nmr.mgh.harvard.edu,fischl@cns.bu.edu,fischl@csail.mit.edu]
Bruce Gillespie [bgillespie@wlu.ca,gillespi@zoology.ubc.ca]
Bruce M. Spiegelman [spiegelman@dfci.harvard.edu]
Bruce M. Spiegelman [spiegelman@dfci.harvard.edu]
Bruce Schneier [schneier@schneier.com]
Campbell R. Harvey [cam.harvey@duke.edu]
Carl Folke [carl.folke@su.se,carl.folke@beijer.kva.se]
Carl Kesselman [carl@isi.edu]
Carl W. Cotman [cwcotman@uci.edu]
Carlo La Vecchia [carlo.lavecchia@marionegri.it]
Carlo M. Croce [carlo.croce@osumc.edu]
Carlo Tomasi [tomasi@cs.duke.edu,ctomasi@gflenv.com]
Carlos S. Frenk [C.S.Frenk@durham.ac.uk]
Carol S. Dweck [dweck@stanford.edu]
Carolyn R. Bertozzi [crb@berkeley.edu]
Carrie Sougnez [carrie@broadinstitute.org]
Catherine A. Ball []
Cees Dekker [c.dekker@tudelft.nl]
Chad A. Mirkin [chadnano@northwestern.edu]
Chad Nusbaum [chad@broadinstitute.org,chad@broad.mit.edu]
Chang-Gong Liu [cgliu@mdanderson.org]
Charles Antzelevitch [antzelevitch@limr.org]
Charles E. Leiserson [cel@mit.edu]
Charles E. Perkins [charles.perkins@nokia.com]
Charles M. Lieber [clieber@seas.harvard.edu]
Charles M. Perou [cperou@med.unc.edu]
Charles R. Johnson [crjohnso@math.wm.edu]
Chengteh Lee [c2000lee@aol.com]
Cheryl A. Evans [cherylevans@edinarealty.com,cheryl.evans@montville.net,cheryl.evans@hamptonu.edu,cevans20@uco.edu]
Chi-Wang Shu [shu@dam.brown.edu,Chi-Wang_Shu@brown.edu]
Chih-Chung Chang []
Chih-Jen Lin [cjlin@csie.ntu.edu.tw,chih-jen.lin@ed.ac.uk]
Chinnappa D. Kodira []
Chris P. Ponting [chris.ponting@anat.ox.ac.uk]
Christine Van Broeckhoven [christine.vanbroeckhoven@molgen.vib-ua.be,christine.vanbroeckhoven@ua.ac.be]
Christopher B. Burge [cburgeatmit.edu]
Christopher D. Manning [manning@cs.stanford.edu,cmanning@acm.org]
Christopher K. Glass [ckg@ucsd.edu,cglass@ucsd.edu]
Christos Faloutsos [christos@cs.cmu.edu]
Christos H. Papadimitriou [christos@cs.berkeley.edu]
Claire M. Fraser []
Clark Mobarry [mobarry@kreative.net]
Clifford B. Saper [csaper@bidmc.harvard.edu]
Colin F. Camerer [camerer@hss.caltech.edu]
Corinna Cortes [corinnaatgoogledotcom]
Cornelia M. Van Duijn [c.vanduijn@erasmusmc.nl]
Craig A. Anderson [craig.anderson@sydney.edu,c.anderson@rgu.ac.uk,caa@iastate.edu]
Craig B. Thompson [mediastaff@mskcc.org]
Craig J. Hawker [hawker%40mrl.ucsb.edu]
Craig J. Hogan [cjhogan@fnal.gov]
Cyrus Chothia [chc1@mrc-lmb.cam.ac.uk]
Dan Boneh [dabo@cs.stanford.edu]
Dan R. Littman [dan.littman@med.nyu.edu]
Dan Suciu [suciu@cs.washington.edu]
Dani Rodrik [dani_rodrik@harvard.edu]
Daniel G. Brown [dan.brown@uwaterloo.ca]
Daniel H. Huson [daniel.huson@uni-tuebingen.de,huson@informatik.uni]
Daniel J. Eisenstein [deisenstein@cfa.harvard.edu]
Daniel J. Klionsky [klionsky@umich.edu]
Daniel Jurafsky [jurafsky@stanford.edu]
Daniel Kahneman [kahneman@princeton.edu]
Daniel R. Weinberger [drweinberger@libd.org]
Daniel S. Weld [weldatcs.washington.edu]
Daniel Tranel [daniel-tranel@uiowa.edu]
Danielle Thierry-Mieg [thierry-mieg@nih.gov,mieg@ncbi.nlm.nih.gov]
Danny Dolev [dolev@cs.huji.ac.il]
Danny Reinberg [danny.reinberg@nyumc.org]
Daoben Zhu [zhudb@iccas.ac.cn]
Daphne Koller [koller@CS.Stanford.EDU]
Daron Acemoglu [daron@mit.edu]
David A. Case [case@biomaps.rutgers.edu,dcase@globalpost.com]
David A. Kass [dkass@jhmi.edu,dkass@rhsmith.umd.edu]
David A. Maltz [dmaltz@microsoft.com]
David A. Patterson [pattrsnatcsdotBerkeleydotedu]
David Altshuler [altshuler@molbio.mgh.harvard.edu]
David B. Fogel []
David B. Jaffe [david.jaffe@utsa.edu]
David B. Johnson [dbj@cs.rice.edu]
David Botstein [jbrickatprinceton.edu]
David E. Culler [culler@cs.berkeley.edu]
David E. Goldberg [deg@illinois.edu,david.goldberg@olin.edu,dgoldberg@clarkhill.com,dgold11@pitt.edu]
David Garlan [garlan@cs.cmu.edu]
David H. Weinberg [weinbergd@mail.nih.gov]
David Harel [dharel@weizmann.ac.il]
David Haussler [haussler@soe.ucsc.edu]
David Heckerman [heckerma@microsoft.com]
David J. Dewitt [dewitt@cs.wisc.edu]
David J. Hunter [dhunter@hsph.harvard.edu,david.hunter@sydney.edu.au,dhunter@westmont.edu]
David J. Lipman [lipman@ncbi.nlm.nih.gov]
David Kulp [dkulp@cs.umass.edu]
David L. Nelson [david.nelson3@utoledo.edu,d-nelson@northwestern.edu,nelson@bcm.edu,nelson@biochem.wisc.edu]
David L. Wheeler [dwheeler@alfanarmedia.org]
David M. Blei [blei@cs.princeton.edu,david.blei@columbia.edu]
David N. Weil [david_weil@brown.edu]
David P. Bartel [dbartel@wi.mit.edu,dbentley@illumina.com]
David R. Bentley []
David R. Cox []
David S. Johnson [dsj@research.att.com]
David W. Hogg [david.hogg@nyu.edu]
David Wetherall [djw@uw.edu,david.wetherell@deakin.edu.au]
Deanna Church [deanna.church@personalis.com]
Deanna M. Church [deanna.church@personalis.com]
Deborah Estrin [destrin@cs.cornell.edu]
Deborah L. Mcguinness [dlm@ksl.stanford.edu]
Deirdre Wilson [deirdre.wilson@viu.ca,deirdre.wilson@ucl.ac.uk,deirdre.wilson@pittsburghmoves.com]
Demetri Terzopoulos [dt@cs.ucla.edu]
Dennis A. Benson [dennis@dennisbenson.com]
Derek C. Angus [angusdc@upmc.edu]
Desmond G. Higgins [ei.dcu@sniggih.sed,ei.dcu@sreveis.naibaf]
Detlef Weigel [detlef.weigel@tuebingen.mpg.de]
Detmar W. Straub [dstraub@cis.gsu.edu,dstraub@gsu.edu]
Didier Dubois [dubois@irit.fr]
Didier Raoult [Didier.Raoult@medecine.univ-mrs.fr,didier.raoult@gmail.com]
Diego Calvanese [calvanese@inf.unibz.it]
Dieter Fox [fox@cs.washington.edu]
Dinesh Manocha [dm@cs.unc.edu]
Don A. Dillman [dillman@wsu.edu]
Don Towsley [towsley@cs.umass.edu]
Donald A. Norman [dnorman@ucsd.edu]
Donald B. Rubin [rubin@stat.harvard.edu]
Donald E. Knuth []
Donald G. Truhlar [truhlar@umn.edu]
Donald G. York []
Donald Geman [geman@jhu.edu]
Donald P. Schneider [dps7@psu.edu,dschneider@schneiderlaw.net]
Donna Karolchik []
Donna M. Muzny [donnam@bcm.edu]
Donna R. Maglott [maglott@ncbi.nlm.nih.gov]
Dorin Comaniciu [Dorin.Comaniciu@siemens.com]
Doron Lancet [Doron.Lancet@weizmann.ac.il]
Douglas C. Montgomery [doug.montgomery@asu.edu]
Douglas C. Schmidt [d.schmidt@vanderbilt.edu,schmidt@uci.edu]
Douglas F. Easton [dfe20@medschl.cam.ac.uk,d.easton@srl.cam.ac.uk]
Douglas G. Altman [doug.altman@csm.ox.ac.uk]
Douglas Hanahan []
Duncan J. Watts [djw@yahoo-inc.com,djw24@columbia.edu]
Eckart Zitzler [eckart.zitzler@tik.ee.ethz.ch]
Ed Diener [ediener@illinois.edu,ediener@s.psych.uiuc.edu]
Edmund M. Clarke [emc@cs.cmu.edu]
Edward L. Deci []
Edward M. Rubin [emrubin@lbl.gov]
Edward Witten [witten@ias.edu]
Edward Witten []
Eibe Frank [eibe@cs.waikato.ac.nz]
Elaine R. Mardis []
Elhanan Helpman [ehelpman@harvard.edu]
Eli Venter []
Eli Yablonovitch [eliy@ee.ucla.edu]
Elia Stupka [elia.stupka@cbm.fvg.it,stupka.elia@hsr.it]
Elinor Ostrom []
Elisa Bertino [bertino@cs.purdue.edu]
Elizabeth F. Loftus [eloftus@law.uci.edu]
Elizabeth M. Royer [ebeldingATcs.ucsb.edu]
Elliott H. Lieb [liebatprincetondotedu]
Emmanouil T. Dermitzakis []
Endel Tulving []
Eric B. Rimm []
Eric Boerwinkle []
Eric D. Green [egreen@mail.nih.gov]
Eric Pelletier []
Eric S. Lander [lander@broad.mit.edu]
Erich A. Nigg []
Erik Brynjolfsson []
Erik L. L. Sonnhammer []
Erkang Wang [ekwang@ns.ciac.jl.cn]
Erkki Oja [erkki.oja@hut.fi]
Ernst Fehr []
Eugene Braunwald []
Eugene F. Fama []
Eugene V. Koonin [koonin@ncbi.nlm.nih.gov]
Eugene W. Myers [http://research.janelia.org/myers/Small.Gifs/email.jpg]
Evan E. Eichler []
Ewan Birney []
Fangcheng Gong []
Federica Sallusto []
Feng Chen []
Francis Kalush []
Francis S. Collins []
Francis V. Chisari []
Frank B. Hu []
Franz Baader [baader@tcs.inf.tu-dresden.de]
Fred D. Davis []
Fred H. Gage [gage@salk.edu]
Frederick W. Alt [alt@enders.tch.harvard.edu]
Fredrik Ronquist []
Gary S. Becker []
Gavin Sherlock [sherlock@genome.stanford.edu]
Geert Bekaert []
Geert Hofstede []
Gene Tsudik [gts@ics.uci.edu]
Geoffrey Hinton [hinton[at]cs[dot]toronto[dot]edu]
George D. Yancopoulos []
George Karypis [karypis@cs.umn.edu]
George L. Gabor Miklos []
George L. Nemhauser []
George Lakoff []
George M. Church [GMC@harvard.edu]
George M. Weinstock []
George M. Whitesides []
George Paxinos []
George Perry []
Gerald M. Rubin []
Gerald Nyakatura []
Gerard Salton [www@cs.cornell.edu]
Gerhard Weikum [weikum@mpi-sb.mpg.de]
Gert Jan Hofstede []
Giacomo Rizzolatti []
Gilbert Laporte [gilbert.laporte@cirrelt.ca]
Gilles Brassard [brassard@iro.umontreal.ca]
Giorgio Bernardi [gbernardi@uniroma3.it]
Giorgio Parisi []
Giorgio Trinchieri []
Giovanni De Micheli [giovanni.demicheli@epfl.ch]
Giuseppe Mancia []
Giuseppe Remuzzi []
Gonçalo R. Abecasis []
Gordon L. Shulman []
Gordon T. Richards [gtr@physics.drexel.edu]
Grady Booch [gbooch@us.ibm.com]
Graham A. Colditz [colditzg@wustl.edu]
Granger G. Sutton []
Gregory D. Abowd [abowdATgatech.edu]
Gregory J. Hannon []
Guanrong Chen []
Guido Kroemer []
Guido Kroemer [kroemer@orange.fr]
Gunnar Von Heijne [gunnar.heijne@dbb.su.se]
Guy S. Salvesen []
Guy Slater []
Hamilton O. Smith []
Hanan Samet [hjs@cs.umd.edu]
Hanna Damasio []
Hans Lehrach []
Hans-Peter Kriegel [kriegel@dbs.ifi.lmu.de]
Hans-Peter Seidel []
Hari Balakrishnan [username=haridomain=csail.mit.edu]
He Tian []
Heather Butler []
Hector Garcia-Molina [hector@cs.stanford.edu]
Hediye Erdjument-Bromage []
Heikki Mannila [Heikki.Mannila@aalto.fi]
Helen M. Berman []
Helen Skaletsky []
Helmut Blöcker []
Heng Li [bshengli@polyu.edu.hk]
Henning Hermjakob [hhe@ebi.ac.uk]
Henri Prade [prade@irit.fr]
Henry C. Ferguson [ferguson@stsci.edu]
Henry M. Levy [levy@cs.washington.edu]
Herbert A. Simon [simonsociety@ymail.com]
Herbert Gintis []
Herbert H. Clark []
Herbert W. Marsh []
Hermann Ney [ney@informatik.rwth-aachen.de]
Hermann Wagner [hermann.wagner@mikrobio.med.tum.de]
Heung-Yeung Shum []
Hidemi Watanabe []
Hongjiang Zhang []
Hongjie Dai [hdai@stanford.edu]
Huanming Yang []
Huaqin Pan []
Hugues Hoppe []
Ian Dunham []
Ian F. Akyildiz [ian@ece.gatech.edu]
Ian Foster [foster@mcs.anl.gov]
Ian H. Witten [ihw@cs.waikato.ac.nz]
Ian Korf []
Ian T. Foster [foster@mcs.anl.gov]
Idit Zehavi []
Ilene Karsch-Mizrachi [mizrachi@mail.nih.gov]
Ion Stoica [istoica@cs.berkeley.edu]
Irving L. Weissman []
Itamar Procaccia []
Itamar Willner [willnea@vms.huji.ac.il、itamar.willner@mail.huji.ac.il]
Ivar Jacobson []
Ivica Letunic [ivica@letunic.com]
Jaakko Kaprio [Jaakko.Kaprio@helsinki.fi]
Jack Dongarra [dongarra@cs.utk.edu]
James A. Robinson []
James A. Thomson []
James A. Yorke [Yorke2@IPST.UMD.EDU]
James Buckley []
James C. Mullikin []
James E. Gunn [jeg@astro.Princeton.EDU]
James F. Allen []
James G. R. Gilbert []
James J. Collins [jcollins@bu.edu]
James J. Gross []
James L. Mcclelland []
James M. Tiedje [tiedjej@msu.edu]
James Ostell [info@leadershipdirectories.com]
James Rumbaugh []
James W. Head []
Jan-Fang Cheng []
Jane Grimwood []
Jane Rogers []
Janet M. Thornton [thornton@ebi.ac.uk]
Janet Rossant [janet.rossant@sickkids.ca]
Jean Decety []
Jean Thierry-Mieg []
Jean Tirole []
Jean Weissenbach []
Jean-Pierre Changeux []
Jean-Pierre Hubaux [jean-pierre.hubaux@epfl.ch]
Jeanne Brooks-Gunn [brooks-gunn@columbia.edu]
Jeffery L. Dangl []
Jeffrey A. Bailey []
Jeffrey A. Hubbell [jhubbellatuchicago.edu]
Jeffrey A. Munn []
Jeffrey D. Ullman [ullman@cs.stanford.edu]
Jeffrey M. Trent []
Jeffrey R. Gulcher []
Jennifer Baldwin []
Jennifer R. Wortman [wortmanj[at]seas.upenn.edu]
Jennifer Rexford [jrex@cs.princeton.edu]
Jennifer Widom [widom@cs.stanford.edu]
Jenny Preece []
Jeremiah P. Ostriker []
Jeremy K. Nicholson []
Jeremy Schmutz []
Jerome Friedman []
Jian Pei [jpei@cs.edu.ca]
Jian Wang []
Jian-Kang Zhu [zhu132@purdue.edu]
Jianbo Shi []
Jiawei Han [hanj@cs.uiuc.edu]
Jill P. Mesirov []
Jinde Cao [jdcao@seu.edu.cn/jdcaoseu@gmail.com]
Jitendra Malik [malik@eecs.berkeley.edu]
Jitendra Padhye [lastname@microsoft.com]
Jo Vandesompele []
Joanne Chory [chory@salk.edu]
Joel E. Richardson []
Joel N. Hirschhorn []
Johannes Gehrke [johannes[something]cs[is]cornell[here]edu]
John A. Rogers [jrogers@illinois.edu]
John A. Stankovic [stankovic@cs.virginia.edu]
John Burton []
John C. Gore []
John C. Matese []
John C. Mitchell [mitchell@cs.stanford.edu]
John C. Platt [jplattATmicrosoft.com]
John C. Reed [jreed@burnham.org]
John C. Wingfield [jwingfie@u.washington.edu]
John D. E. Gabrieli [gabrieli@mit.edu]
John D. Mcpherson []
John D. Minna []
John E. Morley []
John H. Holland [jholland@umich.edu]
John Kubiatowicz []
John L. Hennessy []
John M. Carroll [jcarroll@ist.psu.edu]
John M. Wallace [wallace%40atmos.washington.edu]
John Mylopoulos [jm@cs.toronto.edu]
John P. A. Ioannidis [tdgarner@stanford.edu/jioannid@stanford.edu]
John P. Perdew []
John Perdew []
John Shawe-Taylor [J.Shawe-Taylor@cs.ucl.ac.uk]
John Sulston []
John T. Cacioppo []
John Tonry []
John V. Moran []
Jon Kleinberg [kleinber@cs.cornel.edu]
Jon Loveday []
Jonathan A. Eisen [jaeisen@ucdavis.edu]
Jonathan D. G. Jones []
Josef M. Penninger []
Josep F. Abril []
Joseph A. Konstan [konstan@cs.umn.edu]
Joseph Biederman []
Joseph E. Ledoux []
Joseph Felsenstein []
Joseph M. Hellerstein [Hellerstein@cs.berkeley.edu]
Joseph R. Ecker []
Joseph Y. Halpern [halpern@cs.cornell.edu]
Joshua A. Frieman [frieman@fnal.gov]
Judah Folkman []
Judea Pearl [judea@cs.ucla.edu]
Julian Downward []
Juliane Ramser []
Julie D. Thompson []
Jun Wang [jwang@mae.cuhk.edu.hk]
Jörg Schultz [Joerg.Schultz@biozentrum.uni-wuerzburg.de]
K.-H. Becks []
Kai Li [LastNameatcsdotPrincetondotedu]
Kai Simons []
Kalyanmoy Deb [kdebategr.msu.edu]
Kang G. Shin [kgshin@eecs.umich.edu]
Kara Dolinski []
Karen A. Ketchum []
Karen E. Nelson []
Kari Alitalo []
Kari Stefansson []
Karl J. Friston []
Karsten Hokamp []
Katherine Faust []
Kazuhiko Kawasaki []
Kazunori Kataoka [kataoka@bmw.t.u-tokyo.ac.jp]
Kazuo Shinozaki []
Keith A. Crandall [kcrandall@gwu.edu]
Ken Dewar []
Kenneth S. Suslick [ksuslick@illinois.edu]
Kenneth W. Kinzler [kinzlke@jhmi.edu]
Kerstin Lindblad-Toh []
Kevin C. Jones []
Kevin J. Murphy []
Kim C. Worley []
Klaus Mosbach []
Klaus Schulten [kschulte@ks.uiuc.edu]
Klaus-Robert Müller [Klaus-Robert.Mueller@first.fraunhofer.de/Klaus@first.fhg.de]
Knut Reinert [reinert_NOSPAM_@inf.fu-berlin.de]
Koichiro Tamura [ktamura@tmu.ac.jp]
Krzysztof Matyjaszewski [km3b@andrew.cmu.edu]
Kung-Yee Liang []
Ladeana W. Hillier []
Lance A. Liotta []
Larry S. Davis [lsdavis@umd.edu]
Lawrence F. Katz []
Leaf Huang [leafh@email.unc.edu]
Lee Rowen []
Leena Peltonen []
Lennart Ljung [ljung_@_isy.liu.se]
Leo Breiman []
Leonard Jowers []
Leonid Kruglyak []
Leroy Hood []
Lewis C. Cantley [lec2014@med.cornell.edu]
Lewis L. Lanier [Lewis.Lanier@ucsf.edu]
Lieven Vandenberghe []
Lincoln D. Stein [lstein@cshl.org]
Lior Pachter []
Lon R. Cardon []
Lorenzo Cerutti [Lorenzo.Cerutti@isb-sib.ch]
Lorenzo Moretta []
Lotfi A. Zadeh [zadeh@eecs.berkeley.edu]
Lothar Thiele [thiele@ethz.ch]
Louis M. Staudt []
Luc Anselin []
Luc Van Gool []
Luca Benini [luca.benini@unibo.it]
Luca Cardelli []
Luca Maria Gambardella [luca@idsia.ch]
Lucinda A. Fulton []
Lucy Matthews []
Luigi Zingales []
Lutgarde Thijs [lutgarde.thijs@med.kuleuven.be]
Lynn Doucette-Stamm []
Majid Ezzati []
Mamoru Doi [doi@ioa.s.u-tokyo.ac.jp]
Manfred Morari [morari@control.ee.ethz.ch]
Mani B. Srivastava [mbs@ee.ucla.edu]
Marc Levoy []
Marco A. Marra []
Marco Dorigo [mdorigo@ulb.ac.be]
Marcus E. Raichle []
Margaret Martonosi [martonosi@princeton.edu]
Mariano Barbacid []
Mark A. Rubin []
Mark A. Smith []
Mark D. Adams []
Mark Dickson []
Mark Gerstein [Mark.GersteinYale.edu&markGerstein.info]
Mark Granovetter []
Mark I. Mccarthy []
Mark J. Daly [mjdaly@atgu.mgh.harvard.edu]
Mark P. Mattson [mattsonm@grc.nia.nih.gov]
Mark S. Boguski []
Mark S. Guyer []
Mark Westoby []
Markus Antonietti [office.cc@mpikg.mpg.de]
Martin A. Nowak []
Martin Ravallion [mravallion@worldbank.org]
Martin Vingron [martin.vingron@molgen.mpg.de]
Martín Abadi []
Masahira Hattori []
Masami Hasegawa []
Masataka Fukugita [fukugita@icrr.u-tokyo.ac.jp]
Masatoshi Nei [nxm2@psu.edu]
Massimo Mangino []
Massimo Negrini []
Matei Zaharia []
Matt Van De Rijn []
Matthias Mann []
Matthias Platzer []
Matthias Platzer []
Matthias Wilm []
Maurizio Corbetta []
Maurizio Lenzerini [lenzerini@dis.uniorma1.it]
Maurizio Prato [prato@units.it]
Max Tegmark [tegmark@mit.edu]
Maynard V. Olson []
Meir J. Stampfer [mstampfe@hsph.harvard.edu]
Micha Sharir [michasatpost.tau.ac.il]
Michael A. Moskowitz [moskowitz@helix.mgh.harvard.edu]
Michael A. Strauss [strauss@astro.Princeton.EI]
Michael Ashburner [m.ashburner@gen.cam.ac.uk]
Michael B. Eisen []
Michael C. Jensen [mjensen@hbs.edu]
Michael C. Wendl []
Michael C. Zody []
Michael E. Greenberg []
Michael F. Cohen [mcohen@microsoft.com]
Michael G. Rosenfeld [mrosenfeld@ucsd.edu]
Michael Grätzel []
Michael I. Jordan [jordan@stat.berkeley.edu]
Michael J. Black [black@tue.mpg.de]
Michael J. Franklin [franklin@cs.berkeley.edu]
Michael J. Jones []
Michael J. Meaney [michael.meaney@mcgill.ca]
Michael J. Morgan []
Michael J. Owen []
Michael J. Thun []
Michael Karin [karinoffice@ucsd.edu]
Michael L. Dustin [michael.dustin@med.nyu.edu]
Michael L. Metzker []
Michael R. Blanton []
Michael R. Hoffmann [mrh@caltech.edu]
Michael R. Stratton [mrs@sanger.ac.uk]
Michael Stonebraker [stonebraker@csail.mit.edu]
Michel Gendreau [michelg@crt.umontreal.ca]
Michele Clamp []
Michele Parrinello [michele.parrinello@phys.chem.ethz.ch]
Micheline Kamber []
Mihalis Yannakakis [mihalis@cs.columbia.edu]
Mihir Bellare [Mihir@eng.ucsd.edu]
Ming T. Tsuang [mtsuang@ucsd.edu]
Ming-Hui Wei []
Minoru Kanehisa [kanehisa@kuicr.kyoto-u.ac.jp]
Miron Livny [miron@cs.wisc.edu]
Mohamed Eddaoudi []
Mokhtar S. Bazaraa []
Moni Naor [moni.naor@weizmann.ac.il]
Monica S. Lam [darlene@csl.stanford.edu]
Moshe Y. Vardi [vardi_DELETE_THIS_@cs.rice.edu]
Mostafa A. El-Sayed [mostafa.elsayed@chemistry.gatech.edu]
Moti Yung [Moti@cs.columbia.edu]
Mubarak Shah []
Murray B. Stein []
Nancy A. Jenkins []
Nancy A. Lynch [lynch@theory.csail.mit.edu]
Napoleone Ferrara []
Navraj S. Pannu []
Neal G. Copeland []
Nello Cristianini []
Neta A. Bahcall [Neta@astro.princeton.edu]
Nicholas A. Kotov [kotov@umich.edu]
Nicholas Ayache [Nicholas.Ayache@sophia.inria.fr]
Nicholas G. Martin []
Nicholas R. Jennings [nrj@ecs.soton.ac.uk]
Nicola Guarino []
Nicola Mulder []
Nicole Stange-Thomann []
Niels Birbaumer []
Nikola Stojanovic [nick@cse.uta.edu]
Nilesh J. Samani [njs@le.ac.uk]
Nils Nilsson [nilsson@cs.stanford.edu]
Nima Arkani-Hamed []
Nitin H. Vaidya []
Noam Nisan [noam@cs.huji.ac.il]
Nobuyoshi Shimizu []
Noga Alon [nogaa@tau.ac.il]
Oded Goldreich [oded.goldreich@weizmann.ac.il]
Olle Lindvall [olle.lindvall@med.lu.se]
Omar M. Yaghi []
Oren Etzioni [etzioni@cs.washington.edu]
Osamu Takeuchi []
Owen White []
Pablo Tamayo []
Padhraic Smyth [smythaticsdotucidotedu]
Panos Deloukas []
Paolo Boffetta [paolo.boffetta@mssm.edu/paola.boffetta@mssm.edu]
Paramvir Bahl []
Paras N. Prasad []
Pat Hanrahan [hanrahan@cs.stanford.edu]
Patrick E. Shrout []
Patrick J. Minx []
Patrick O. Brown [pbrown@cmgm.stanford.edu]
Patrick Wincker []
Pattie Maes [pattie@media.mit.edu]
Paul A. Viola []
Paul C. Van Oorschot [paulv(hereat)scs.carleton.ca]
Paul D. Adams []
Paul Flicek []
Paul Greengard [Paul.Greengard@rockefeller.edu]
Paul I. W. De Bakker []
Paul M. Thompson [thompson@loni.ucla.edu]
Paul Predki []
Paul Richardson []
Paul Slovic [pslovic@uoregon.edu]
Paul Tempst [p-tempst@ski.mskcc.org]
Paul Viola []
Pedro Domingos [pedrod@cs.washington.edu]
Peer Bork [bork@EMBL-Heidelberg.DE]
Peidong Yang [p_yang@berkeley.edu]
Peter A. Kollman []
Peter Brusilovsky [peterb@pitt.edu]
Peter Challis []
Peter Donnelly []
Peter Druschel [druschel@cs.rice.edu]
Peter M. Garnavich []
Peter M. Lansdorp [plansdor@bccrc.ca]
Peter M. Lewinsohn []
Peter N. Belhumeur [belhumeur@cs.columbia.edu]
Philip A. Bernstein [philbe@microsoft.com]
Philip E. Bourne [bourne@sdsc.edu]
Philip Hugenholtz [p.hugenholtz@uq.edu.au]
Philip S. Yu [psyu@cs.uic.edu]
Philip Wadler [wadler@inf.ed.ac.uk]
Philippe Brottier []
Philippe Froguel []
Phillip D. Zamore []
Phillip Rogaway []
Piero Carninci []
Piero Madau [pmadau@ucsc.edu]
Pierre Bourdieu []
Pierre Wolper []
Piers C. Emson []
Pietro Perona [perona@caltech.edu]
Piotr Cieplak []
Prabhakar Raghavan []
Qing Zhang [qzhang4ATncsuDOTedu]
Radford M. Neal []
Rafael La Porta []
Rafi Ahmed []
Raghu Ramakrishnan [raghu@microsoft.com]
Raghuram G. Rajan []
Rajeev Alur [aluratcisupennedu]
Rajeev Motwani ["firstname"ATcs.stanford.edu]
Rajeev Rastogi [rastogi@bell-labs.com]
Rajinder Kaul []
Rajkumar Buyya [rbuyya@unimelb.edu.au]
Raju S. Kucherlapati []
Rakesh Agrawal [ragrawalATacmDOTorg]
Ralph Weissleder [rweissleder@mgh.harvard.edu]
Ramakrishnan Srikant [contantme@rsrikant.com]
Ramin Zabih [rdz@cs.cornell.edu]
Rand D. Conger [rdconger@ucdavis.edu]
Randal E. Bryant [CLICKHERE@cs.cmu.edu]
Randy H. Katz [randy@cs.Berkeley.edu]
Randy J. Read []
Ranjay Gulati []
Ravi Kumar []
Raymond J. Dolan [r.dolan@ucl.ac.uk]
Raymond Wheeler []
Rean Griffith []
Reijo Savolainen []
Reka Albert []
Reuben M. Baron []
Rhian Gwilliam []
Ricardo Baeza-Yates [ricardo.baeza@upf.edu]
Richa Agarwala []
Richard A. Flavell []
Richard A. Gibbs []
Richard A. Mathies []
Richard A. Young [young@wi.mit.edu]
Richard Durbin [webmaster@sanger.ac.uk]
Richard E. Nisbett []
Richard E. Petty [petty.1@osu.edu]
Richard E. Smalley []
Richard H. Thaler []
Richard K. Wilson []
Richard M. Murray [murray@cds.caltech.edu]
Richard M. Myers []
Richard P. Feynman []
Richard R. Copley [richard.copley@well.ox.ac.uk]
Richard R. Nelson []
Richard Reinhardt []
Richard S. Ellis []
Richard Szeliski [szeliski@microsoft.com]
Richie Poulton []
Risto Näätänen [psychology@ut.ee]
Robert A. Holt []
Robert A. Weinberg [weinberg@wi.mit.edu]
Robert C. Malenka []
Robert C. Nichol []
Robert D. Putnam []
Robert E. Schapire []
Robert Endre Tarjan [ret@cs.princeton.edu]
Robert Fagard []
Robert G. Parr []
Robert H. Lupton [rhl@astro.princeton.edu]
Robert H. Waterston []
Robert J. Barro []
Robert Morris []
Robert N. Weinreb [rweinreb@ucsd.edu]
Robert P. Kirshner [rkirshner@cfa.harvard.edu]
Robert P. W. Duin [r.duinatieeedotorg]
Robert Plomin [robert.plomin@kcl.ac.uk]
Robert Plumb []
Robert S. Fulton []
Robert Tibshirani [494932tibs@stat.stanford.edu3849]
Robert W. Vishny []
Roderic Guigo []
Rodney S. Ruoff []
Roger A. Horn []
Roger Schultz []
Roland Heilig []
Rolf Apweiler [apweiler@ebi.ac.uk]
Ron Kikinis [kikinis@bwh.harvard.edu]
Ron Kohavi [ronnyk@livedotcom]
Ronald A. Depinho []
Ronald L. Rivest [rivest@miy.edu]
Ronald M. Evans []
Ronald Melzack [ronald.melzack@mcgill.ca]
Ronald W. Davis [jeanne.thompson@stanford.edu]
Ross C. Hardison []
Ru-Fang Yeh []
Rudolf Jaenisch [jaenisch[at]wi.mit.edu]
Ruedi Aebersold [aebersold@imsb.biol.ethz.ch]
Ruth Nussinov [ruthnu@helix.nih.gov]
Réka Albert [ralbert@phys.psu.edu]
Salim Yusuf [yusufs@mcmaster.ca]
Sally Floyd [floyd@acm.org.]
Sam Griffiths-Jones []
Sandra W. Clifton []
Sandrine Dudoit []
Sanjay Ghemawat []
Santiago Zanella Beguelin []
Sara Kiesler [kiesler@cs.cmu.edu]
Sarah Milne []
Sarah Sims []
Satoshi Uematsu []
Saurabh Jha []
Scott A. Vanstone [sales@certicom.com]
Scott Shenker [shenker@icsi.berkeley.edu]
Sean Humphray []
Sean R. Eddy [http://www.hhmi.org/janelia/images/eddys_email.gif]
Sebastian Thrun [thrun@stanford.edu]
Serafim Batzoglou [serafimatcsdotstanforddotedu]
Serge Abiteboul [Marie.Domingues@inria.fr]
Sergey Brin [sergey@cs.stanford.edu]
Shahid Naeem []
Shamkant B. Navathe [sham@cc.gatech.edu]
Shanhui Fan [shanhui.fan@stanford.edu]
Shaojun Dong [dongsj@ciac.jl.cn]
Shaun Purcell []
Shelley E. Taylor []
Shiaw-Pyng Yang []
Shih-Fu Chang [sfchang_AT_ee_DOT_columbia_DOT_edu]
Shinsei Minoshima []
Shizuo Akira [sakira@biken.osaka-u.ac.jp]
Shlomo Havlin [havlin@ophir.ph.biu.ac.il]
Shun-Ichi Amari [amari@brain.riken.jp]
Silvia G. Priori []
Silvio Micali [silvio@csail.mit.edu]
Simeon Djankov []
Simon Baron-Cohen [sb205@cam.ac.uk]
Simon D. M. White [swhite@mpa-garching.mpg.de]
Simon Gregory []
Simon Haykin [haykin@mcmaster.ca]
Simon Kasif []
Songwu Lu [slu@cs.ucla.edu]
Stacey B. Gabriel []
Stanislas Dehaene []
Stanley J. Korsmeyer []
Stanley Osher [sjo@math.ucla.edu]
Stefan Taudien []
Stefano Ceri [stefano.ceri@polimi.it]
Stefano Volinia []
Steffen Staab [staab@uni-koblenz.de]
Stephan Beck []
Stephen B. Baylin [sbaylin@jhmi.edu]
Stephen Boyd [boyd@stanford.edu]
Stephen Chanock [chanocks@mail.nih.gov]
Stephen F. Altschul [altschul@ncbi.nlm.nih.gov]
Stephen H. Bryant [shbryant@csupomona.edu]
Stephen J. Elledge []
Stephen M. Kosslyn []
Stephen M. Smith [steve@fmrib.ox.ac.uk]
Stephen Mrenna []
Stephen V. Faraone [f]
Steve Rozen []
Steven E. Scherer []
Steven G. Louie [sglouie@berkeley.edu]
Steven L. Salzberg [salzberg@umiacs.umd.edu]
Steven Tuecke []
Stijn Claessens [C.A.M.F.Claessens@uva.nl]
Stuart Geman [Stuart_GemanBrown.edu]
Stuart K. Card []
Stylianos E. Antonarakis []
Subir Sachdev [lastname@g.harvard.edu]
Sudhir Kumar [s.kumar@asu.edu]
Surajit Chaudhuri [surajitc@microsoft.com]
Susan L. Naylor []
Sushil Jajodia [jajodia@gmu.edu]
Susumu Goto [goto@kuicr]
Sverre E. Kjeldsen [sverrkj@online.no]
Sylvia Ratnasamy []
Søren Brunak [brunak@cbs.dtu.dk]
Tadamitsu Kishimoto []
Taeghwan Hyeon []
Tak W. Mak [tmak@uhnres.utoronto.ca]
Takehiko Itoh []
Takeo Kanade [tk@cs.cmu.edukanade@andrew.cmu.edu]
Taro Kawai []
Tatiana A. Tatusova []
Tatsuhiko Tsunoda []
Ted M. Dawson [tdawson@jhmi.edu]
Terence P. Speed [terry@stat.berkeley.edu]
Terrence J. Sejnowski [sejnowski@salk.edu]
Terrence S. Furey [terry.furey@duke.edu]
Terrie E. Moffitt [terrie.moffitt@duke.edu]
Terry Winograd [winograd@cs.stanford.edu]
Teruo Okano []
Tetsushi Yada [yt@i.kyoto-u.ac.jp]
Thierry Poynard []
Thomas A. Henzinger [my_three_initials@ist.ac.at]
Thomas A. Jones []
Thomas E. Anderson []
Thomas J. Hudson [jackie.peca%40oicr.on.ca]
Thomas Meitinger []
Thomas S. Huang [t-huang1@illinois.edu]
Thomas Stützle [stuetzle@ulb.ac.be]
Thomas Tuschl []
Thorsten Joachims [tj@cs.cornell.edu]
Tim Bollerslev []
Tim Finin [finin@umbc.edu,tfinin@gmail.com,finin@cs.umbc.edu]
Tim Hubbard []
Timothy A. Mckay []
Timothy A. Springer [timothy.springer@childrens.harvard.edu]
Timothy Besley []
Timothy M. Heckman []
Timothy R. Billiar []
Tobias Doerks [doerks@embl.de,Tobias_Doerks@email.de]
Toby J. Gibson [Toby.Gibson@EMBL.DE]
Todd M. Lowe []
Todd R. Golub []
Tom Darden []
Tomaso Poggio [tp@ai.mit.edu]
Tomasz Imieliński []
Tony Pawson []
Tracie L. Miner []
Trevor Darrell [trevor@eecs.berkeley.edu]
Trevor Hastie []
Trevor W. Robbins []
Trey Ideker []
Tuomas Sandholm [sandholm@cs.cmu.edu]
Tyler Jacks [tjacks@mit.edu]
Ulrich S. Schubert [ulrich.schubert@uni-jena.de]
Urs Fischbacher []
Valina L. Dawson [vdawson@jhmi.edu]
Venkata N. Padmanabhan [padmanab@microsoft.com]
Victor E. Velculescu []
Vincenzo Barone []
Vincenzo Di Marzo [vdimarzo@icmib.na.cnr.it]
Vineet Bafna [vbafna@cs.ucsd.edu]
Vinita Puri []
Vipin Kumar [kumar@cs.umn.edu]
Viswanath Venkatesh []
Vittorio Gallese []
Vladimir Kolmogorov []
Vladimir Vapnik [Vladimir.Vapnik@rhul.ac.uk]
Walt A. De Heer []
Walter C. Willett []
Walter Willinger []
Wanda J. Orlikowski []
Wang Li []
Wang Wei []
Warren Gish [gish@wustl.edu]
Webb Miller [Wcm2@psu.edu]
Wei-Ying Ma []
Weihong Tan [tan@chem.ufl.edu]
Wil M. P. Van Der Aalst [w.m.p.v.d.aalst@tue.nl]
William Easterly []
William H. Meckling []
William J. Dally [dally@stanford.edu]
William S. Lane []
William Saurin []
William T. Freeman [billf@mit.edu]
Witold Pedrycz [pedrycz@ee.ualberta.ca]
Wolfram Burgard [burgard@informatik.uni-freiburg.de]
Wonhee Jang []
Xavier Estivill []
Xiaohui Fan [fan@as.arizona.edu]
Xiaoying Lin []
Xin Wang []
Yan Chunhua [yan@pku.edu.cn]
Yasushi Totoki [totoki@gsc.riken.jp]
Yitai Qian [ytqian@ustc.edu.cn]
Yoav Freund [yfreund@ucsd.edu]
Yoram Singer [FirstorLast@ThisDomain]
Yoshihide Hayashizaki []
Yoshiyuki Sakaki []
Yoshua Bengio [bengioy[at]IRO[dot]UMontreal[dot]CA]
Younan Xia [younan.xia@bme.gatech.edu]
Yu-Hui Rogers []
Yuehe Lin [Yuehe.lin@wsu.edu]
Yuri I. Wolf []
Yusuke Nakamura [ynakamura@bsd.uchicago.edu]
Yves Van De Peer [yves.vandepeer@psb.ugent.be]
Zhaoxi Ke []
Zhen-Ya Li []
Zhenan Bao [zbao@stanford.edu]
Zhengyou Zhang []
Zhiping Gu []
Zhong Lin Wang [zhong.wang[at]mse.gatech.edu]
Zhongwu Lai []
Ziheng Yang [z.yangATucl.ac.uk]
Zoubin Ghahramani [zoubin-at-eng.cam.ac.uk]
Zuoming Deng []
